country,change
Lithuania,25.130000000000003
Greece,17.299999999999997
Spain,11.519999999999996
Croatia,8.5
Denmark,7.829999999999998
Italy,6.189999999999998
Poland,5.030000000000001
Austria,3.5
Luxembourg,1.9499999999999904
Sweden,1.8700000000000045
Finland,0.3999999999999986
